Date,Open,High,Low,Close,Volume,RSI_14,VWAP,MFI_14
2020-01-03,137.5,139.23,137.08,138.34,10387518.0,0.0,139.3722956,0.0
2020-01-06,136.56,138.27,136.5,138.23,10266522.0,0.0,138.81591,0.0
2020-01-07,137.28,137.86,135.82,135.88,10576911.0,0.0,138.2399593,0.0
2020-01-08,135.7,137.58,135.6,136.94,9697731.0,19.73973311,137.9522886,23.62126872
2020-01-09,138.05,138.23,137.04,137.44,9470746.0,26.57586004,137.8930865,38.01213094
2020-01-10,137.21,137.25,135.81,136.07,10192026.0,21.54706827,137.6764545,31.64987488
2020-01-13,136.19,137.2,135.76,137.2,12381809.0,32.13848418,137.535254,43.20397375
2020-01-14,137.94,140.76,137.69,138.8,24942958.0,43.02914225,137.8902951,57.82428146
2020-01-15,137.85,138.6,136.15,136.72,16293416.0,35.60168093,137.7945849,49.58908076
2020-01-16,137.45,137.9,136.84,137.25,10783752.0,38.31473301,137.7576581,53.9364812
2020-01-17,137.54,138.29,137.32,138.2,14697672.0,42.64602488,137.7751547,58.80043587
2020-01-21,137.19,138.07,136.69,136.84,8474247.0,38.75087726,137.7444712,55.44303551
2020-01-22,137.24,137.4,136.38,136.68,7549111.0,38.33895659,137.7025293,52.76650121
2020-01-23,135.71,136.74,134.72,136.54,9345683.0,37.98557791,137.6119908,49.8076196
2020-01-24,136.37,136.43,132.32,133.15,15166392.0,34.48896023,137.3223926,48.53116777
2020-01-27,130.27,132.94,129.71,132.03,12860456.0,32.5255017,136.9587083,47.95477252
2020-01-28,132.84,134.97,132.48,134.43,13062789.0,45.92466325,136.7780533,54.66299378
2020-01-29,134.81,135.54,133.69,134.23,9326173.0,41.99635239,136.6835636,54.52728717
2020-01-30,132.69,136.13,132.69,135.89,9048887.0,45.71587947,136.6150741,54.37010986
2020-01-31,134.49,134.83,131.47,132.36,12785242.0,40.83946599,136.4228557,53.66998483
2020-02-03,132.66,134.24,132.66,133.37,10021369.0,40.48691358,136.3063553,52.98035818
2020-02-04,135.55,136.6,135.08,135.29,9157126.0,41.41798732,136.2840875,48.10698007
2020-02-05,136.57,137.73,136.01,137.59,10150709.0,52.10454319,136.3143181,56.83451694
2020-02-06,138.24,138.29,137.11,137.61,8992592.0,50.8928424,136.3568964,56.31915284
2020-02-07,136.73,137.67,136.3,137.17,6379784.0,47.37912429,136.3719313,49.14121009
2020-02-10,136.95,137.85,136.75,137.74,5960700.0,52.38601926,136.3933817,54.38157483
2020-02-11,138.26,138.82,137.78,138.0,6578649.0,53.4809533,136.4323195,59.59469848
2020-02-12,138.6,139.29,137.8,138.0,7957984.0,53.87882365,136.4813857,66.07277938
2020-02-13,137.75,138.34,136.4,137.88,7447535.0,65.20921351,136.5059743,69.86506906
2020-02-14,137.84,138.19,136.94,137.46,6627891.0,68.28286963,136.5267125,73.1159255
2020-02-18,137.34,137.71,135.05,135.64,8997247.0,54.23976429,136.516188,64.7090051
2020-02-19,136.91,138.39,136.34,137.49,7071399.0,60.23878222,136.5345281,64.08431762
2020-02-20,137.17,138.36,136.53,137.49,7422800.0,55.61015013,136.5541133,63.62777515
2020-02-21,136.55,136.92,134.92,135.81,9772770.0,63.90005089,136.5359305,65.16138116
2020-02-24,131.44,133.2,130.8,132.16,13618432.0,45.98000055,136.3727701,54.83227522
2020-02-25,131.0,132.23,125.59,126.26,20797188.0,26.27435078,135.9332748,43.13303402
2020-02-26,126.93,128.95,126.34,126.64,24836163.0,18.00099318,135.4232844,31.81862566
2020-02-27,122.91,125.62,121.3,121.37,23005470.0,13.68514659,134.7655034,23.37125899
2020-02-28,117.52,118.49,112.66,116.11,45942580.0,11.25825787,132.978629,19.23029525
2020-03-02,116.63,121.58,114.46,121.52,27355446.0,24.67211052,132.2475435,26.39652802
2020-03-03,120.97,122.95,116.24,116.96,32547736.0,21.03529759,131.4447874,20.85266101
2020-03-04,118.33,120.19,114.7,119.85,25795867.0,26.85544172,130.8520738,16.20223961
2020-03-05,115.67,116.43,112.58,113.97,25025628.0,23.4156435,130.162155,15.3334525
2020-03-06,106.26,110.32,105.02,108.08,38159405.0,20.87632934,128.8241908,14.02252391
2020-03-09,96.57,99.23,93.0,93.44,40352025.0,16.64562434,126.8242225,13.10654358
2020-03-10,99.0,101.28,94.58,100.7,31102652.0,23.21248874,125.5972608,17.43907646
2020-03-11,97.7,100.05,94.55,95.96,38157806.0,21.71367861,124.1305025,14.12494874
2020-03-12,89.59,96.96,86.32,88.05,49725233.0,20.0151035,122.0284715,13.19267524
2020-03-13,95.99,103.99,92.0,103.91,38543328.0,34.62168064,121.0106426,20.34607095
2020-03-16,85.2,93.98,84.55,88.36,38589653.0,31.33005205,119.5957064,20.03775529
2020-03-17,90.89,97.44,87.5,93.76,35239844.0,34.56628674,118.561083,26.41775595
2020-03-18,87.67,90.79,80.36,83.89,41525568.0,33.13535849,117.095898,26.05674908
2020-03-19,81.56,88.11,76.91,85.3,32175060.0,35.63905225,115.9942552,27.45548219
2020-03-20,86.3,89.46,82.48,83.5,30150823.0,31.66121168,115.0762211,26.41521278
2020-03-23,82.68,83.75,78.09,79.03,32536580.0,31.68871743,113.9938155,27.11734357
2020-03-24,84.9,90.1,82.9,88.43,34363160.0,35.7285617,113.1395092,33.51662331
2020-03-25,89.24,95.15,84.54,91.73,38111699.0,39.6558195,112.3669294,40.34461397
2020-03-26,94.08,98.57,93.54,98.12,29840426.0,45.38888747,111.9609966,47.63302291
2020-03-27,93.19,94.84,90.55,91.13,30041458.0,48.84902554,111.4563692,48.76132954
2020-03-30,90.65,94.09,89.3,93.5,21656933.0,46.2287774,111.1104872,47.51541577
2020-03-31,92.05,94.17,89.34,90.03,23379303.0,46.85211569,110.7295002,49.25329402
2020-04-01,85.1,86.56,83.25,84.36,28029566.0,47.99346574,110.1468431,51.83097307
2020-04-02,83.51,87.91,82.96,87.51,24017959.0,39.6516907,109.6943893,49.61405168
2020-04-03,86.0,87.48,82.77,84.05,21199448.0,47.40738244,109.2867217,51.79982928
2020-04-06,88.99,90.99,87.7,89.46,26820846.0,47.45989248,108.8832577,50.63477469
2020-04-07,94.45,94.5,90.38,90.64,22563810.0,56.66944748,108.5974809,58.7104671
2020-04-08,92.1,94.86,90.55,94.3,22903255.0,58.32309263,108.3404148,65.88625881
2020-04-09,96.92,104.39,96.89,102.76,42084666.0,65.23797655,108.1319058,67.49477093
2020-04-13,103.11,103.11,97.3,98.19,26911949.0,65.0940731,107.9709336,67.37057692
2020-04-14,101.02,102.0,93.64,95.5,46151255.0,56.70008312,107.6311261,56.71805696
2020-04-15,91.15,92.03,90.13,90.79,30118621.0,50.00277883,107.2999031,48.43699316
2020-04-16,90.23,90.57,87.05,87.33,32449619.0,41.58668707,106.9015232,40.61563667
2020-04-17,92.0,95.7,90.96,95.18,30191898.0,54.22222444,106.653414,48.24101431
2020-04-20,92.47,94.71,90.46,91.71,23679430.0,49.31178814,106.4409074,42.599192
2020-04-21,88.62,91.38,88.33,89.05,23035023.0,49.9544858,106.201722,42.67768438
2020-04-22,90.69,91.87,89.18,89.34,16706026.0,55.40567464,106.0384161,47.87213042
2020-04-23,89.74,91.28,89.26,89.39,16638765.0,52.72441096,105.8770797,42.81751295
2020-04-24,90.64,91.1,88.49,90.71,15815286.0,56.68944938,105.7279278,47.325084
2020-04-27,91.94,95.63,91.54,94.62,22870210.0,55.34383172,105.568755,46.9489604
2020-04-28,97.81,98.36,95.03,95.29,20238900.0,54.86708335,105.4585327,46.75861647
2020-04-29,99.08,99.45,97.27,97.86,20462562.0,53.81322881,105.3728887,46.56474362
2020-04-30,95.6,96.84,94.55,95.76,19127632.0,41.31945064,105.2676448,36.84656967
2020-05-01,93.5,93.74,91.84,93.25,18547741.0,43.54416704,105.1387557,37.97217583
2020-05-04,92.02,92.67,90.8,92.14,15725875.0,45.41982559,105.0221352,42.05486572
2020-05-05,93.65,94.21,91.9,92.0,18064140.0,51.88418451,104.8990086,49.87249392
2020-05-06,92.16,92.76,89.93,90.27,20978035.0,54.83867286,104.7393769,51.69464249
2020-05-07,91.34,92.91,90.58,91.21,16771938.0,41.54249401,104.619635,49.17093936
2020-05-08,92.8,94.08,92.11,92.7,20494915.0,52.30335719,104.4916234,57.46953116
2020-05-11,91.11,91.11,89.33,89.97,31907585.0,52.13357175,104.2502308,55.63336224
2020-05-12,90.15,90.79,86.9,87.03,27962923.0,45.22924962,104.0177141,47.90782135
2020-05-13,86.38,86.86,83.4,84.03,35451600.0,40.13259323,103.6696043,45.31867708
2020-05-14,82.72,88.11,82.4,87.52,35152452.0,44.56190402,103.3585965,48.28268696
2020-05-15,86.85,87.28,85.3,85.9,26099044.0,33.87573244,103.1366189,48.45826369
2020-05-18,88.69,91.15,87.88,90.45,30528734.0,42.17335838,102.9388177,49.8023578
2020-05-19,90.05,91.2,88.59,88.67,19597291.0,34.74938958,102.811599,43.55766651
2020-05-20,90.71,92.39,90.37,91.33,20552362.0,42.78266485,102.6991698,49.71084251
2020-05-21,90.27,91.76,89.67,90.17,14621406.0,44.75120001,102.6147617,50.37872186
2020-05-22,90.01,90.36,88.72,89.47,13557923.0,45.38540443,102.5310341,50.77263915
2020-05-26,92.89,97.5,92.61,95.82,41233949.0,55.43536479,102.3933259,54.26311827
2020-05-27,102.07,102.58,98.8,101.37,39402040.0,64.24541139,102.3668981,62.68900438
2020-05-28,102.94,102.95,99.4,99.86,24738542.0,60.94103364,102.3488011,56.56296546
2020-05-29,98.66,99.18,96.78,97.31,26538154.0,55.67872633,102.2947302,50.10421022
2020-06-01,97.75,99.51,97.38,98.6,15207495.0,61.02169056,102.2693148,56.51035567
2020-06-02,100.28,100.42,97.93,98.93,21194963.0,66.28351472,102.2399094,63.34408301
2020-06-03,101.58,104.92,101.06,104.27,25941090.0,76.0287568,102.2530949,71.97499987
2020-06-04,103.82,106.61,102.79,106.44,26784723.0,75.18632335,102.2877136,71.80338803
2020-06-05,114.93,115.77,109.53,111.23,42230986.0,81.09495994,102.4628781,73.7671505
2020-06-08,113.41,114.19,111.94,113.45,24881791.0,79.9478577,102.5737076,73.82307868
2020-06-09,110.65,111.63,109.01,110.54,17031144.0,77.66250855,102.6286015,73.56336794
2020-06-10,110.46,110.51,105.85,106.06,24913328.0,67.81135901,102.6778463,66.85032083
2020-06-11,100.03,101.58,96.54,97.21,36259224.0,57.17781171,102.6161153,62.99901446
2020-06-12,100.71,101.13,97.33,99.87,24856764.0,60.1960626,102.5847213,67.17201809
2020-06-15,96.42,101.43,95.87,101.25,22153641.0,55.8983353,102.5579014,65.70139836
2020-06-16,105.37,105.68,99.31,102.06,22193575.0,50.83553216,102.5560965,64.11288155
2020-06-17,102.53,102.54,99.21,99.48,15639830.0,49.55148108,102.543047,65.75491092
2020-06-18,98.67,100.52,98.13,98.94,16591911.0,52.01984556,102.5215987,67.53746637
2020-06-19,100.53,100.6,96.73,97.81,40371167.0,49.01717753,102.4580012,59.07224481
2020-06-22,97.25,97.95,96.54,96.75,16216903.0,47.3362885,102.4250312,54.22158647
2020-06-23,98.97,99.97,97.85,97.93,15381376.0,41.376486,102.4028221,52.72706125
2020-06-24,96.75,96.84,94.31,94.66,22919784.0,34.44269348,102.3419022,45.64727251
2020-06-25,94.35,98.21,94.26,97.96,25743638.0,31.75687095,102.2893388,41.93215121
2020-06-26,95.11,95.37,92.0,92.59,41896324.0,23.60821974,102.1527509,32.28287468
2020-06-29,93.4,94.49,92.18,93.0,18499738.0,26.31005699,102.0931088,32.43148156
2020-06-30,92.83,94.66,92.57,94.06,19137010.0,32.14278435,102.0359501,38.7558908
2020-07-01,94.89,95.71,93.03,93.26,18755728.0,42.26999629,101.9822674,46.67741905
2020-07-02,94.74,94.96,91.93,92.66,27845616.0,36.40298661,101.8958572,38.57542214
2020-07-06,94.43,95.2,93.48,95.0,18625272.0,38.98831616,101.8479845,37.69030342
2020-07-07,93.82,94.1,92.0,92.32,25757203.0,33.0460375,101.767119,30.19227063
2020-07-08,92.29,93.34,91.8,93.3,18762214.0,39.23495112,101.7091624,35.63193804
2020-07-09,93.52,94.12,90.78,91.28,25600763.0,36.97023308,101.6246857,34.83468133
2020-07-10,92.0,96.84,91.87,96.27,28954234.0,48.99313812,101.5596685,45.22923868
2020-07-13,98.73,99.27,96.23,97.65,32079211.0,53.06314284,101.5183717,52.79283407
2020-07-14,98.37,99.95,96.64,98.21,42731666.0,52.08894042,101.4724824,56.43244076
2020-07-15,100.89,101.29,98.65,99.73,22508410.0,60.83795154,101.4608058,62.77703241
2020-07-16,98.78,101.22,98.55,100.01,16886886.0,56.08415082,101.4523598,61.8974166
2020-07-17,100.0,100.08,98.14,98.16,16161547.0,65.28163288,101.4384436,66.412766
2020-07-20,97.43,98.39,97.26,97.3,14458137.0,62.03009386,101.420763,67.07370009
2020-07-21,97.71,100.05,97.64,99.41,17812297.0,63.80649588,101.4071253,67.04040956
2020-07-22,99.65,100.13,97.53,98.69,14271150.0,64.01066157,101.3951622,62.12403576
2020-07-23,98.5,99.35,97.97,98.98,12870184.0,63.99469194,101.3843985,64.89081335
2020-07-24,99.6,99.8,97.94,98.28,12744151.0,57.83191216,101.3734497,59.98129625
2020-07-27,97.51,97.63,96.17,96.9,11959055.0,61.65988207,101.3565604,62.62111009
2020-07-28,96.5,97.89,96.5,97.32,11754273.0,60.53456113,101.3413289,61.80430791
2020-07-29,97.07,99.71,97.0,99.68,12743520.0,71.62716465,101.33117,69.17458934
2020-07-30,97.54,97.74,96.05,97.02,14834785.0,52.19419169,101.3108417,61.79700318
2020-07-31,96.48,96.93,95.25,96.64,14539496.0,46.86139644,101.2881128,52.92323647
2020-08-03,97.02,97.57,95.85,96.1,12972563.0,43.43501316,101.2689499,46.08377636
2020-08-04,95.91,95.95,95.03,95.55,13366154.0,36.15891359,101.2452491,36.7643865
2020-08-05,95.87,98.47,95.72,97.21,15349693.0,41.50477761,101.2260182,36.08585924
2020-08-06,97.58,98.1,96.54,97.24,10482062.0,46.86212293,101.2134254,42.70443183
2020-08-07,96.93,99.49,96.56,99.38,14743678.0,56.52444631,101.2011546,50.42632347
2020-08-10,100.11,102.04,100.03,100.64,14989853.0,54.0755517,101.1998031,49.75002471
2020-08-11,103.86,106.16,103.51,103.82,31518607.0,64.61539515,101.2309633,61.40683156
2020-08-12,106.16,106.43,101.71,102.94,19250157.0,60.91514831,101.245089,59.28356568
2020-08-13,102.0,103.36,101.64,102.37,13598648.0,61.35489183,101.2499814,58.90167983
2020-08-14,101.5,103.31,101.42,102.41,12134360.0,66.52678204,101.2540385,58.66927019
2020-08-17,101.5,102.0,99.53,99.71,14987988.0,56.30610712,101.2503267,52.37111193
2020-08-18,99.91,99.91,98.12,98.32,13246506.0,46.218046,101.2407378,46.41384781
2020-08-19,98.92,100.59,98.34,98.55,13533015.0,54.91974169,101.232508,52.87086831
2020-08-20,97.26,98.03,96.8,97.37,13672577.0,52.23237916,101.217254,53.03788982
2020-08-21,97.27,98.57,96.94,97.32,12228301.0,53.84612053,101.2044588,52.91163819
2020-08-24,98.45,100.21,97.42,100.06,17898270.0,62.49301969,101.1942608,59.83127076
2020-08-25,101.27,101.98,99.8,100.5,13648931.0,59.77420192,101.1925571,59.63342864
2020-08-26,99.94,100.27,99.05,99.09,12052437.0,55.07968494,101.1866101,54.4938031
2020-08-27,99.0,102.65,99.0,102.35,22163863.0,57.68237553,101.1875358,56.08461846
2020-08-28,103.14,103.25,101.81,102.77,13756725.0,55.75983499,101.193084,55.88855595
2020-08-31,102.12,102.18,100.02,100.19,14219441.0,39.8546628,101.1914922,45.02775703
2020-09-01,99.55,100.87,99.04,100.14,11602053.0,41.79371132,101.1876578,46.91637422
2020-09-02,99.95,101.94,99.56,101.65,14475673.0,48.00001526,101.1870992,54.07198784
2020-09-03,103.32,104.99,100.64,101.33,23281235.0,47.04592956,101.194445,62.43032033
2020-09-04,104.05,105.21,101.37,103.52,26325470.0,60.72026995,101.2102557,71.21136932
2020-09-08,102.98,103.57,99.48,99.92,22108612.0,54.00396798,101.2089175,68.38267733
2020-09-09,100.8,101.69,99.56,100.87,13434024.0,55.6038575,101.2070702,62.58560342
2020-09-10,101.4,102.42,99.64,99.83,15922793.0,55.982548,101.2045653,61.86641596
2020-09-11,99.97,101.36,99.59,101.07,13784342.0,58.62076997,101.2025766,62.17817815
2020-09-14,101.51,103.46,101.37,102.47,19017373.0,55.90398981,101.2089006,62.45015308
2020-09-15,102.73,102.85,99.14,99.28,23682973.0,47.36614019,101.2039058,54.41692666
2020-09-16,99.43,101.13,98.76,99.7,19284239.0,51.37566963,101.1970059,52.87719124
2020-09-17,98.7,99.34,97.71,98.56,18290104.0,40.54853544,101.1840731,44.89552776
2020-09-18,97.89,99.49,97.44,98.35,20121579.0,38.86080118,101.1694045,38.42634288
2020-09-21,95.2,96.05,93.82,95.31,28378768.0,37.98023425,101.1239088,36.62899905
2020-09-22,94.96,95.66,93.67,94.27,19257004.0,36.21405118,101.0907728,35.75514867
2020-09-23,94.78,95.35,92.66,92.74,19952667.0,29.09419086,101.051866,30.03446643
2020-09-24,92.32,94.3,91.38,92.66,18366522.0,29.42562159,101.012593,22.08956765
2020-09-25,92.05,93.72,91.87,93.47,13293076.0,24.47939673,100.9852221,17.62958513
2020-09-28,95.06,96.93,94.35,96.16,20894106.0,39.98937532,100.9575325,25.57621563
2020-09-29,96.03,96.03,94.33,95.35,12854673.0,35.19302827,100.9387601,25.70549532
2020-09-30,95.35,97.2,95.26,96.27,16400587.0,40.38872885,100.9191745,31.90710372
2020-10-01,97.12,97.77,96.03,96.97,15778666.0,38.59829824,100.9032032,32.2824165
2020-10-02,95.25,98.59,95.09,97.89,15149570.0,36.91432294,100.8890078,31.00518005
2020-10-05,98.32,99.25,97.53,99.04,13871881.0,52.07284088,100.8810463,37.95019791
2020-10-06,100.07,100.86,97.51,98.02,19220440.0,47.7325103,100.8710203,45.84309588
2020-10-07,98.96,100.35,98.67,99.73,16358533.0,55.96162875,100.8657702,52.95923646
2020-10-08,100.51,101.92,99.9,101.78,15659016.0,61.25501,100.8670696,60.55833375
2020-10-09,102.0,102.11,100.11,101.2,13689115.0,70.11057982,100.867994,64.12457896
2020-10-12,101.1,103.0,100.85,102.44,16057978.0,76.52830969,100.8728564,72.06158846
2020-10-13,103.0,103.22,100.26,100.78,21697310.0,75.88630073,100.8757666,70.99180087
2020-10-14,101.03,101.93,100.1,100.22,15214907.0,73.82022033,100.8752996,71.54061074
2020-10-15,99.1,101.78,99.04,101.72,17171199.0,74.81503041,100.87518,72.15934636
2020-10-16,101.41,102.33,100.72,101.51,13276397.0,69.60487997,100.8772552,71.33588635
2020-10-19,101.6,101.87,99.56,99.8,11725674.0,65.84683785,100.8759307,71.4853278
2020-10-20,100.31,101.77,100.12,100.37,11257070.0,65.13834605,100.875598,70.89965085
2020-10-21,100.36,100.99,99.33,99.37,10730521.0,59.81296134,100.8730721,65.20799561
2020-10-22,99.32,103.24,99.31,102.88,14837204.0,65.20389543,100.8764029,65.27063311
2020-10-23,103.5,104.45,102.93,103.81,15087611.0,63.06849274,100.8866817,65.5905108
2020-10-26,102.65,102.7,100.25,101.24,12410742.0,58.13131693,100.8881883,58.46957584
2020-10-27,100.51,100.92,99.16,99.33,10391663.0,49.00001404,100.8855114,52.1104824
2020-10-28,97.5,98.3,96.07,96.54,16389464.0,37.36745696,100.8703326,44.24567708
2020-10-29,96.12,97.98,95.24,97.17,14208820.0,40.30784578,100.8566878,44.2657508
2020-10-30,97.91,98.42,96.23,98.04,15200685.0,39.22615407,100.8449335,43.82841283
2020-11-02,99.39,100.88,97.86,100.25,15011597.0,48.73632311,100.8407816,53.17560634
2020-11-03,103.02,104.74,102.69,103.41,17482590.0,56.76710033,100.8520811,61.6639203
2020-11-04,101.0,102.07,98.93,100.25,18886518.0,47.08679449,100.8501725,52.38292548
2020-11-05,101.06,105.1,101.0,104.35,17837373.0,54.87638366,100.8610286,53.55431659
2020-11-06,105.03,105.1,102.39,102.96,12552785.0,55.48613314,100.868615,56.86000566
2020-11-09,113.16,118.9,110.35,116.9,47792406.0,69.59924749,101.026747,64.91662186
2020-11-10,117.35,117.45,114.69,116.52,20539339.0,70.63780041,101.0975513,71.10699522
2020-11-11,116.89,116.96,113.96,114.78,14443409.0,64.95727282,101.1437247,64.60738534
2020-11-12,112.53,113.96,112.06,113.37,22066464.0,61.87280808,101.2032347,56.22777308
2020-11-13,114.7,114.86,113.57,114.08,11856870.0,66.71875561,101.237714,61.23638246
2020-11-16,117.79,118.61,115.73,117.3,19858562.0,72.62653618,101.3085999,66.88043129
2020-11-17,115.39,116.44,114.58,116.11,14553245.0,75.67566059,101.3552773,66.64881548
2020-11-18,117.34,118.61,115.2,115.25,12571217.0,73.57849722,101.397151,71.77072784
2020-11-19,114.18,115.82,113.56,115.56,10202538.0,73.18687435,101.4278584,67.12181573
2020-11-20,114.43,115.65,114.09,114.57,12720823.0,69.58420394,101.4653557,61.68627642
2020-11-23,116.05,118.17,115.57,117.87,13209211.0,69.70022741,101.5111576,61.31007618
2020-11-24,120.07,123.5,119.71,123.32,20121557.0,79.5844864,101.6023683,69.03234985
2020-11-25,121.37,122.38,120.47,122.03,11715627.0,74.43333859,101.6536952,63.26203082
2020-11-27,122.0,122.35,121.08,121.22,5983627.0,75.64602618,101.6797081,61.59981833
2020-11-30,120.0,120.72,117.77,117.88,14411847.0,51.95999269,101.7334193,48.31509199
2020-12-01,120.34,121.58,119.63,119.74,12678222.0,56.08001683,101.7845584,46.37752342
2020-12-02,119.7,122.31,119.27,122.04,10811255.0,63.42452015,101.8300622,52.88447674
2020-12-03,121.85,121.89,120.36,121.24,12904414.0,64.88827865,101.8839765,55.15390205
2020-12-04,122.48,123.29,121.69,122.34,13583654.0,65.3988371,101.9441416,55.78574086
2020-12-07,121.15,122.17,120.21,121.88,9724307.0,59.51777794,101.984864,47.70696898
2020-12-08,121.04,122.33,120.76,122.0,9592124.0,62.80983357,102.0254358,54.64556854
2020-12-09,123.17,123.3,120.44,121.05,13073933.0,62.56492893,102.0801866,47.17281562
2020-12-10,119.99,120.78,119.56,120.27,13668420.0,59.99992776,102.1330373,46.11588546
2020-12-11,118.94,120.02,118.37,119.56,9981643.0,60.72194691,102.1695538,46.71455859
2020-12-14,121.34,121.42,118.11,118.3,12112352.0,51.01272959,102.2135549,39.43394229
2020-12-15,119.29,120.9,118.62,120.32,12591419.0,41.57295746,102.260839,36.51158017
2020-12-16,120.3,121.08,119.86,120.67,11169364.0,45.96683293,102.3039688,43.53644833
2020-12-17,121.26,121.45,119.58,119.67,11618001.0,45.45450917,102.3478727,42.09643721
2020-12-18,119.14,119.88,118.27,119.08,28954764.0,54.19585765,102.4493453,38.77174496
2020-12-21,123.17,125.0,121.09,123.55,28323642.0,61.26553318,102.5718221,43.79784405
2020-12-22,123.39,123.52,121.61,121.67,11808882.0,48.87805789,102.6200534,38.11683409
2020-12-23,122.78,126.52,122.35,125.07,14973226.0,60.03147801,102.688357,45.29916355
2020-12-24,125.09,125.55,123.57,124.52,4164948.0,55.87921534,102.7071947,40.37207097
2020-12-28,125.82,126.65,124.79,125.34,8072641.0,59.15341258,102.7453599,45.05940637
2020-12-29,126.2,126.28,124.89,125.01,8389199.0,57.87545967,102.7845412,40.1998956
2020-12-30,125.49,125.85,124.9,125.36,7397964.0,61.64235742,102.8189454,41.39430154
2020-12-31,125.09,127.33,124.82,127.07,8580214.0,67.48975821,102.8605445,47.44895351
2021-01-04,127.5,127.86,124.78,125.87,16819915.0,65.83037753,102.9408523,45.49926474
2021-01-05,124.99,126.3,123.77,125.65,13731206.0,71.32506609,103.0033953,44.95382372
2021-01-06,129.88,132.77,127.88,131.55,24909056.0,76.15715066,103.1437688,48.84820978
2021-01-07,135.69,138.19,134.92,135.87,21940387.0,79.65427945,103.2910696,52.04369272
2021-01-08,135.97,136.35,134.12,136.02,12035126.0,82.78446968,103.3692991,51.5855143
2021-01-11,134.58,138.2,134.11,138.05,15949048.0,85.79836834,103.4764507,62.78987947
2021-01-12,139.44,141.66,138.83,140.22,18033462.0,84.53111687,103.609337,61.32051253
2021-01-13,138.59,140.79,138.1,140.35,14816761.0,91.27912389,103.716352,59.77466071
2021-01-14,140.49,142.75,140.0,141.17,18565597.0,90.22403259,103.8553187,60.95872678
2021-01-15,137.43,141.65,137.01,138.64,27881016.0,82.47809799,104.0499099,53.91618975
2021-01-19,139.86,140.7,137.82,138.04,19843782.0,79.69340772,104.1861374,47.58014451
2021-01-20,137.82,138.17,135.44,135.97,16028845.0,74.05732676,104.2880659,45.88818085
2021-01-21,135.69,136.16,134.32,134.83,13415022.0,70.38280819,104.3691159,44.65234154
2021-01-22,132.69,134.4,132.2,133.79,12933227.0,65.39795455,104.4427223,40.55762031
2021-01-25,132.14,133.17,130.06,132.12,14212764.0,64.15846883,104.5185251,40.86168173
2021-01-26,132.75,133.17,131.34,131.58,11307819.0,61.80803058,104.5790777,45.66549946
2021-01-27,129.59,129.85,127.35,127.86,17603851.0,41.95373192,104.6602617,36.9146112
2021-01-28,129.9,132.17,128.99,130.11,13761758.0,36.19371682,104.7288532,34.4656495
2021-01-29,131.19,131.72,128.19,128.67,14808109.0,33.40847605,104.7996914,34.14724279
2021-02-01,129.4,130.07,128.48,129.62,11080662.0,29.99526596,104.852143,27.80489833
2021-02-02,131.94,134.39,131.22,133.61,12253574.0,35.56132556,104.9185545,25.60320174
2021-02-03,133.65,135.76,133.51,135.14,10600777.0,39.27538227,104.9792714,31.13251374
2021-02-04,135.47,138.66,135.47,138.25,12419526.0,44.50720444,105.0564005,28.87077083
2021-02-05,139.39,139.49,137.38,137.98,10051265.0,48.64309964,105.1201339,37.16776339
2021-02-08,138.2,140.3,138.18,140.14,10136384.0,54.05724874,105.1865859,45.1147983
2021-02-09,139.43,139.98,138.54,139.58,8614807.0,57.40655639,105.2425773,47.04538393
2021-02-10,140.0,140.87,139.04,139.66,10323204.0,60.36029899,105.3103913,54.16434482
2021-02-11,139.66,140.55,138.22,139.27,9200955.0,62.0917118,105.3697208,55.24418377
2021-02-12,139.05,141.61,139.0,141.25,8324562.0,69.8736173,105.4252262,62.47101867
2021-02-16,143.55,145.32,142.4,144.65,12130618.0,75.29997057,105.5138165,62.91012022
2021-02-17,143.95,145.38,143.12,145.1,10834189.0,88.20896467,105.5932568,72.38184716
2021-02-18,144.0,145.79,143.4,145.59,10590274.0,87.21128819,105.6715333,72.03716358
2021-02-19,145.86,148.84,145.86,148.02,11969782.0,94.40086079,105.7655938,81.09228825
2021-02-22,146.87,150.19,146.79,149.41,11488415.0,94.51167318,105.8581052,88.1714074
2021-02-23,151.51,152.31,149.59,150.61,16234408.0,93.72400043,105.9943367,88.61516155
2021-02-24,150.11,153.76,150.11,153.26,15061433.0,94.06587773,106.1243044,89.0499906
2021-02-25,154.27,154.9,150.59,151.18,18127707.0,83.10266881,106.2792536,77.90497806
2021-02-26,150.3,150.87,146.51,147.17,19829182.0,69.74626497,106.4327586,67.6327004
2021-03-01,149.52,151.38,148.48,150.5,14845483.0,71.19460737,106.5522458,68.64282999
2021-03-02,150.08,151.78,149.84,150.01,14221724.0,71.3992765,106.6672071,74.1757955
2021-03-03,151.23,154.98,150.82,152.91,14324103.0,74.36554925,106.7885858,74.86980042
2021-03-04,152.61,154.38,148.62,150.56,20093905.0,69.36534174,106.9514875,70.41831548
2021-03-05,153.22,153.49,147.97,150.91,18465108.0,67.55085562,107.0988012,63.01101716
2021-03-08,152.47,155.46,150.75,152.91,17133270.0,65.81162312,107.2416007,64.02043988
2021-03-09,151.5,154.25,149.82,151.83,16238763.0,62.57943071,107.3729751,57.51444409
2021-03-10,151.91,156.16,151.51,155.13,14342237.0,66.13663702,107.494317,58.37178166
2021-03-11,154.11,156.15,153.36,154.32,11771478.0,61.27415121,107.594169,58.43804005
2021-03-12,156.86,157.63,155.07,156.15,12849532.0,61.8745257,107.7065452,58.80370029
2021-03-15,156.35,156.92,153.96,155.37,12103264.0,58.5121795,107.8100232,52.46957135
2021-03-16,154.09,154.6,152.19,153.51,12805565.0,50.46003259,107.9144962,46.05089888
2021-03-17,155.34,156.88,153.05,155.09,13952375.0,57.33040467,108.0316975,53.56039555
2021-03-18,157.6,161.69,157.11,157.65,21898467.0,70.77722276,108.2292995,63.22410023
2021-03-19,155.51,155.94,151.19,155.14,54418832.0,59.50821329,108.6684895,47.59108208
2021-03-22,152.8,153.97,150.61,150.97,19944845.0,51.70939143,108.8195213,41.18943441
2021-03-23,150.33,152.12,148.96,149.46,17076304.0,43.53696549,108.9430085,35.3890094
2021-03-24,150.0,153.18,149.86,150.62,13079793.0,50.11764675,109.0394704,41.36768538
2021-03-25,150.0,152.97,149.33,152.55,15608340.0,53.02808674,109.1550822,47.88893323
2021-03-26,154.3,155.45,152.55,155.09,16754402.0,53.94646232,109.2864691,47.84095908
2021-03-29,152.12,153.73,151.04,152.68,17570343.0,51.46798145,109.4177239,47.58237364
2021-03-30,154.46,155.87,153.88,154.48,13184306.0,48.8159434,109.5208327,47.35040004
2021-03-31,153.28,154.49,152.12,152.23,16736681.0,46.38273564,109.645876,41.88124468
2021-04-01,151.9,153.79,151.55,153.71,16561508.0,45.72539749,109.7691024,42.64157342
2021-04-05,154.4,154.94,152.6,153.62,13507979.0,48.52102277,109.870718,47.57416754
2021-04-06,152.79,154.28,151.86,152.54,13071554.0,49.87128161,109.966759,47.53445639
2021-04-07,153.1,155.23,152.65,154.93,16903523.0,51.31433285,110.0942828,48.10551169
2021-04-08,154.0,155.51,152.31,155.12,12335512.0,46.9218714,110.186973,46.02714181
2021-04-09,155.81,157.04,154.97,156.28,12122400.0,54.13518082,110.2813502,60.90071996
2021-04-12,155.58,157.25,155.57,155.95,12273355.0,63.99409771,110.3768408,69.08336302
2021-04-13,154.75,155.2,152.43,154.09,16113557.0,62.9162546,110.495218,69.26803862
2021-04-14,151.47,153.83,150.93,151.21,19939592.0,53.19461605,110.634386,60.98259209
2021-04-15,151.25,152.2,149.32,152.17,17694125.0,51.16218576,110.754847,53.23556299
2021-04-16,153.87,154.51,152.69,153.3,13773412.0,47.86795964,110.8533535,52.55654724
2021-04-19,153.42,153.88,152.22,152.65,11900220.0,52.28116349,110.936939,53.98364957
2021-04-20,151.74,151.75,148.65,149.27,13716678.0,39.51334438,111.0259555,47.51402894
2021-04-21,147.79,150.61,146.79,150.54,12236674.0,47.95857661,111.1038514,48.63947135
2021-04-22,150.23,150.3,147.26,147.37,15256117.0,37.20581579,111.1979868,40.80545784
2021-04-23,147.18,151.13,146.69,150.19,14043086.0,42.63003726,111.2865955,40.84504717
2021-04-26,150.78,152.46,150.38,150.56,10799065.0,45.61171579,111.357666,46.72230965
2021-04-27,150.5,151.57,150.11,151.25,12821182.0,41.17919823,111.4413848,38.9848723
2021-04-28,152.43,152.89,151.4,152.23,8943653.0,43.32561812,111.5013367,37.84738685
2021-04-29,153.54,155.28,153.2,155.19,12976866.0,47.67601988,111.5930901,38.08863344
2021-04-30,154.1,154.49,153.01,153.81,11705065.0,45.6326125,111.6740072,31.65202892
2021-05-03,154.85,155.48,153.13,153.36,11801108.0,48.41925433,111.755699,38.78070294
2021-05-04,152.87,155.64,152.14,155.48,12977673.0,59.56109788,111.8460831,47.54502805
2021-05-05,156.0,158.28,154.63,157.52,6938197.0,61.4267996,111.92307,55.64391058
2021-05-06,158.07,160.82,157.16,160.69,13542406.0,64.51869389,112.0279608,55.72206608
2021-05-07,157.22,161.5,157.02,161.24,14257828.0,66.94288237,112.138735,63.24837185
2021-05-10,161.5,163.73,161.12,161.22,14014332.0,77.17118878,112.2518902,71.12575509
2021-05-11,161.08,162.39,158.04,158.54,15451666.0,67.0939254,112.3701535,69.48520943
2021-05-12,159.61,160.78,157.03,157.45,14381733.0,73.63968324,112.4768335,69.4458651
2021-05-13,158.18,162.45,157.68,161.5,15397363.0,75.07742947,112.595736,69.8527171
2021-05-14,162.39,164.45,161.99,164.01,10583975.0,77.23759769,112.6821318,69.95759107
2021-05-17,163.37,164.85,163.03,164.67,9886843.0,77.20992914,112.7636803,76.55504307
2021-05-18,164.68,165.5,162.24,162.35,11098117.0,69.46142205,112.8534578,70.53783422
2021-05-19,161.0,161.18,158.64,161.11,13278895.0,62.19095276,112.9539908,63.19385223
2021-05-20,160.83,161.86,159.52,160.83,10426014.0,65.14219934,113.0333353,69.37761503
2021-05-21,161.34,163.22,160.94,162.66,10248994.0,68.93315009,113.1135807,69.21034952
2021-05-24,163.36,164.23,162.12,163.54,9440290.0,67.28125068,113.188797,68.69728149
2021-05-25,163.85,165.7,161.56,161.85,12609084.0,59.42530038,113.2883905,61.85079938
2021-05-26,163.57,163.74,161.31,161.83,13058340.0,52.87587226,113.3895785,54.25755132
2021-05-27,163.95,164.75,162.57,164.35,15707512.0,57.13625143,113.5146987,54.73118405
2021-05-28,164.68,164.94,163.26,164.24,10294700.0,56.90133667,113.5967558,53.78557707
2021-06-01,165.87,166.91,165.48,166.05,9445366.0,67.87240624,113.6748049,61.40474815
2021-06-02,167.26,167.44,165.53,166.06,10498568.0,71.60054431,113.7616092,69.25662365
2021-06-03,165.41,167.25,164.66,166.17,13354653.0,64.60286938,113.8709508,60.47794975
2021-06-04,166.21,166.67,165.03,166.44,8510831.0,58.83637456,113.9404228,59.99273782
2021-06-07,167.0,167.1,165.14,165.66,7267196.0,53.56886874,113.9995064,54.59002377
2021-06-08,164.49,165.76,163.16,165.0,10370719.0,60.8516321,114.0814434,54.8177899
2021-06-09,164.14,164.22,162.28,162.94,12377367.0,57.02239263,114.1760104,55.05580593
2021-06-10,164.36,165.24,160.31,160.4,12119419.0,48.59391526,114.2660623,47.85946668
2021-06-11,160.43,161.2,159.06,160.29,13683774.0,41.26744877,114.3635113,40.49344775
2021-06-14,160.15,160.33,156.66,157.57,19917855.0,30.6294005,114.4984705,32.55385985
2021-06-15,156.7,156.92,154.13,155.18,24485479.0,29.29846342,114.6527715,30.61484574
2021-06-16,154.73,157.62,153.11,156.27,25321233.0,33.8184811,114.8121167,41.46181643
2021-06-17,157.1,157.46,151.25,151.76,29722421.0,17.16226172,114.9877044,31.22022534
2021-06-18,149.3,149.7,147.56,147.92,43595659.0,14.36683961,115.2086719,22.83940994
2021-06-21,149.08,151.2,149.02,150.43,18664796.0,16.90678325,115.3075335,25.26941603
2021-06-22,150.6,150.97,148.66,150.21,14251160.0,16.71567241,115.3820617,20.60876999
2021-06-23,150.2,152.04,150.09,151.12,12733326.0,19.42294058,115.4505619,25.65844508
2021-06-24,151.92,153.12,151.22,152.51,13733186.0,22.9303861,115.5266253,26.9196645
2021-06-25,152.59,154.5,151.67,154.05,15484922.0,28.08600711,115.6146245,31.92837594
2021-06-28,153.7,154.48,152.12,154.33,14125837.0,29.56719777,115.6950446,36.78964581
2021-06-29,155.0,156.31,153.61,154.14,14528708.0,31.84809085,115.7796689,41.96135717
,,,,,,,,
,,,,,,,,
,,,,,,,,
